rpm,load,target_afr,trim_percent
0,0.00,14.700,0.000
0,0.05,14.700,0.000
0,0.10,14.567,0.000
0,0.15,14.433,0.000
0,0.20,14.300,0.000
0,0.25,14.200,0.000
0,0.30,14.100,0.000
0,0.35,14.000,0.000
0,0.40,13.900,0.000
0,0.45,13.800,0.000
0,0.50,13.700,0.000
0,0.55,13.600,0.000
0,0.60,13.500,0.000
0,0.65,13.400,0.000
0,0.70,13.300,0.000
0,0.75,13.200,0.000
0,0.80,13.100,0.000
0,0.85,13.000,0.000
0,0.90,12.900,0.000
0,0.95,12.800,0.000
0,1.00,12.700,0.000
200,0.00,14.693,0.000
200,0.05,14.693,0.000
200,0.10,14.560,0.000
200,0.15,14.426,0.000
200,0.20,14.293,0.000
200,0.25,14.193,0.000
200,0.30,14.093,0.000
200,0.35,13.993,0.000
200,0.40,13.893,0.000
200,0.45,13.793,0.000
200,0.50,13.693,0.000
200,0.55,13.593,0.000
200,0.60,13.493,0.000
200,0.65,13.393,0.000
200,0.70,13.293,0.000
200,0.75,13.193,0.000
200,0.80,13.093,0.000
200,0.85,12.993,0.000
200,0.90,12.893,0.000
200,0.95,12.793,0.000
200,1.00,12.693,0.000
400,0.00,14.685,0.000
400,0.05,14.685,0.000
400,0.10,14.552,0.000
400,0.15,14.418,0.000
400,0.20,14.285,0.000
400,0.25,14.185,0.000
400,0.30,14.085,0.000
400,0.35,13.985,0.000
400,0.40,13.885,0.000
400,0.45,13.785,0.000
400,0.50,13.685,0.000
400,0.55,13.585,0.000
400,0.60,13.485,0.000
400,0.65,13.385,0.000
400,0.70,13.285,0.000
400,0.75,13.185,0.000
400,0.80,13.085,0.000
400,0.85,12.985,0.000
400,0.90,12.885,0.000
400,0.95,12.785,0.000
400,1.00,12.685,0.000
600,0.00,14.678,0.000
600,0.05,14.678,0.000
600,0.10,14.545,0.000
600,0.15,14.411,0.000
600,0.20,14.278,0.000
600,0.25,14.178,0.000
600,0.30,14.078,0.000
600,0.35,13.978,0.000
600,0.40,13.878,0.000
600,0.45,13.778,0.000
600,0.50,13.678,0.000
600,0.55,13.578,0.000
600,0.60,13.478,0.000
600,0.65,13.378,0.000
600,0.70,13.278,0.000
600,0.75,13.178,0.000
600,0.80,13.078,0.000
600,0.85,12.978,0.000
600,0.90,12.878,0.000
600,0.95,12.778,0.000
600,1.00,12.678,0.000
800,0.00,14.670,0.000
800,0.05,14.670,0.000
800,0.10,14.537,0.000
800,0.15,14.403,0.000
800,0.20,14.270,0.000
800,0.25,14.170,0.000
800,0.30,14.070,0.000
800,0.35,13.970,0.000
800,0.40,13.870,0.000
800,0.45,13.770,0.000
800,0.50,13.670,0.000
800,0.55,13.570,0.000
800,0.60,13.470,0.000
800,0.65,13.370,0.000
800,0.70,13.270,0.000
800,0.75,13.170,0.000
800,0.80,13.070,0.000
800,0.85,12.970,0.000
800,0.90,12.870,0.000
800,0.95,12.770,0.000
800,1.00,12.670,0.000
1000,0.00,14.663,0.000
1000,0.05,14.663,0.000
1000,0.10,14.530,0.000
1000,0.15,14.396,0.000
1000,0.20,14.263,0.000
1000,0.25,14.163,0.000
1000,0.30,14.063,0.000
1000,0.35,13.963,0.000
1000,0.40,13.863,0.000
1000,0.45,13.763,0.000
1000,0.50,13.663,0.000
1000,0.55,13.563,0.000
1000,0.60,13.463,0.000
1000,0.65,13.363,0.000
1000,0.70,13.263,0.000
1000,0.75,13.163,0.000
1000,0.80,13.063,0.000
1000,0.85,12.963,0.000
1000,0.90,12.863,0.000
1000,0.95,12.763,0.000
1000,1.00,12.663,0.000
1200,0.00,14.655,0.000
1200,0.05,14.655,0.000
1200,0.10,14.522,0.000
1200,0.15,14.388,0.000
1200,0.20,14.255,0.000
1200,0.25,14.155,0.000
1200,0.30,14.055,0.000
1200,0.35,13.955,0.000
1200,0.40,13.855,0.000
1200,0.45,13.755,0.000
1200,0.50,13.655,0.000
1200,0.55,13.555,0.000
1200,0.60,13.455,0.000
1200,0.65,13.355,0.000
1200,0.70,13.255,0.000
1200,0.75,13.155,0.000
1200,0.80,13.055,0.000
1200,0.85,12.955,0.000
1200,0.90,12.855,0.000
1200,0.95,12.755,0.000
1200,1.00,12.655,0.000
1400,0.00,14.648,0.000
1400,0.05,14.648,0.000
1400,0.10,14.515,0.000
1400,0.15,14.381,0.000
1400,0.20,14.248,0.000
1400,0.25,14.148,0.000
1400,0.30,14.048,0.000
1400,0.35,13.948,0.000
1400,0.40,13.848,0.000
1400,0.45,13.748,0.000
1400,0.50,13.648,0.000
1400,0.55,13.548,0.000
1400,0.60,13.448,0.000
1400,0.65,13.348,0.000
1400,0.70,13.248,0.000
1400,0.75,13.148,0.000
1400,0.80,13.048,0.000
1400,0.85,12.948,0.000
1400,0.90,12.848,0.000
1400,0.95,12.748,0.000
1400,1.00,12.648,0.000
1600,0.00,14.640,0.000
1600,0.05,14.640,0.000
1600,0.10,14.507,0.000
1600,0.15,14.373,0.000
1600,0.20,14.240,0.000
1600,0.25,14.140,0.000
1600,0.30,14.040,0.000
1600,0.35,13.940,0.000
1600,0.40,13.840,0.000
1600,0.45,13.740,0.000
1600,0.50,13.640,0.000
1600,0.55,13.540,0.000
1600,0.60,13.440,0.000
1600,0.65,13.340,0.000
1600,0.70,13.240,0.000
1600,0.75,13.140,0.000
1600,0.80,13.040,0.000
1600,0.85,12.940,0.000
1600,0.90,12.840,0.000
1600,0.95,12.740,0.000
1600,1.00,12.640,0.000
1800,0.00,14.633,0.000
1800,0.05,14.633,0.000
1800,0.10,14.500,0.000
1800,0.15,14.366,0.000
1800,0.20,14.233,0.000
1800,0.25,14.133,0.000
1800,0.30,14.033,0.000
1800,0.35,13.933,0.000
1800,0.40,13.833,0.000
1800,0.45,13.733,0.000
1800,0.50,13.633,0.000
1800,0.55,13.533,0.000
1800,0.60,13.433,0.000
1800,0.65,13.333,0.000
1800,0.70,13.233,0.000
1800,0.75,13.133,0.000
1800,0.80,13.033,0.000
1800,0.85,12.933,0.000
1800,0.90,12.833,0.000
1800,0.95,12.733,0.000
1800,1.00,12.633,0.000
2000,0.00,14.625,0.000
2000,0.05,14.625,0.000
2000,0.10,14.492,0.000
2000,0.15,14.358,0.000
2000,0.20,14.225,0.000
2000,0.25,14.125,0.000
2000,0.30,14.025,0.000
2000,0.35,13.925,0.000
2000,0.40,13.825,0.000
2000,0.45,13.725,0.000
2000,0.50,13.625,0.000
2000,0.55,13.525,0.000
2000,0.60,13.425,0.000
2000,0.65,13.325,0.000
2000,0.70,13.225,0.000
2000,0.75,13.125,0.000
2000,0.80,13.025,0.000
2000,0.85,12.925,0.000
2000,0.90,12.825,0.000
2000,0.95,12.725,0.000
2000,1.00,12.625,0.000
2200,0.00,14.618,0.000
2200,0.05,14.618,0.000
2200,0.10,14.485,0.000
2200,0.15,14.351,0.000
2200,0.20,14.218,0.000
2200,0.25,14.118,0.000
2200,0.30,14.018,0.000
2200,0.35,13.918,0.000
2200,0.40,13.818,0.000
2200,0.45,13.718,0.000
2200,0.50,13.618,0.000
2200,0.55,13.518,0.000
2200,0.60,13.418,0.000
2200,0.65,13.318,0.000
2200,0.70,13.218,0.000
2200,0.75,13.118,0.000
2200,0.80,13.018,0.000
2200,0.85,12.918,0.000
2200,0.90,12.818,0.000
2200,0.95,12.718,0.000
2200,1.00,12.618,0.000
2400,0.00,14.610,0.000
2400,0.05,14.610,0.000
2400,0.10,14.477,0.000
2400,0.15,14.343,0.000
2400,0.20,14.210,0.000
2400,0.25,14.110,0.000
2400,0.30,14.010,0.000
2400,0.35,13.910,0.000
2400,0.40,13.810,0.000
2400,0.45,13.710,0.000
2400,0.50,13.610,0.000
2400,0.55,13.510,0.000
2400,0.60,13.410,0.000
2400,0.65,13.310,0.000
2400,0.70,13.210,0.000
2400,0.75,13.110,0.000
2400,0.80,13.010,0.000
2400,0.85,12.910,0.000
2400,0.90,12.810,0.000
2400,0.95,12.710,0.000
2400,1.00,12.610,0.000
2600,0.00,14.603,0.000
2600,0.05,14.603,0.000
2600,0.10,14.470,0.000
2600,0.15,14.336,0.000
2600,0.20,14.203,0.000
2600,0.25,14.103,0.000
2600,0.30,14.003,0.000
2600,0.35,13.903,0.000
2600,0.40,13.803,0.000
2600,0.45,13.703,0.000
2600,0.50,13.603,0.000
2600,0.55,13.503,0.000
2600,0.60,13.403,0.000
2600,0.65,13.303,0.000
2600,0.70,13.203,0.000
2600,0.75,13.103,0.000
2600,0.80,13.003,0.000
2600,0.85,12.903,0.000
2600,0.90,12.803,0.000
2600,0.95,12.703,0.000
2600,1.00,12.603,0.000
2800,0.00,14.595,0.000
2800,0.05,14.595,0.000
2800,0.10,14.462,0.000
2800,0.15,14.328,0.000
2800,0.20,14.195,0.000
2800,0.25,14.095,0.000
2800,0.30,13.995,0.000
2800,0.35,13.895,0.000
2800,0.40,13.795,0.000
2800,0.45,13.695,0.000
2800,0.50,13.595,0.000
2800,0.55,13.495,0.000
2800,0.60,13.395,0.000
2800,0.65,13.295,0.000
2800,0.70,13.195,0.000
2800,0.75,13.095,0.000
2800,0.80,12.995,0.000
2800,0.85,12.895,0.000
2800,0.90,12.795,0.000
2800,0.95,12.695,0.000
2800,1.00,12.595,0.000
3000,0.00,14.588,0.000
3000,0.05,14.588,0.000
3000,0.10,14.455,0.000
3000,0.15,14.321,0.000
3000,0.20,14.188,0.000
3000,0.25,14.088,0.000
3000,0.30,13.988,0.000
3000,0.35,13.888,0.000
3000,0.40,13.788,0.000
3000,0.45,13.688,0.000
3000,0.50,13.588,0.000
3000,0.55,13.488,0.000
3000,0.60,13.388,0.000
3000,0.65,13.288,0.000
3000,0.70,13.188,0.000
3000,0.75,13.088,0.000
3000,0.80,12.988,0.000
3000,0.85,12.888,0.000
3000,0.90,12.788,0.000
3000,0.95,12.688,0.000
3000,1.00,12.588,0.000
3200,0.00,14.580,0.000
3200,0.05,14.580,0.000
3200,0.10,14.447,0.000
3200,0.15,14.313,0.000
3200,0.20,14.180,0.000
3200,0.25,14.080,0.000
3200,0.30,13.980,0.000
3200,0.35,13.880,0.000
3200,0.40,13.780,0.000
3200,0.45,13.680,0.000
3200,0.50,13.580,0.000
3200,0.55,13.480,0.000
3200,0.60,13.380,0.000
3200,0.65,13.280,0.000
3200,0.70,13.180,0.000
3200,0.75,13.080,0.000
3200,0.80,12.980,0.000
3200,0.85,12.880,0.000
3200,0.90,12.780,0.000
3200,0.95,12.680,0.000
3200,1.00,12.580,0.000
3400,0.00,14.573,0.000
3400,0.05,14.573,0.000
3400,0.10,14.440,0.000
3400,0.15,14.306,0.000
3400,0.20,14.173,0.000
3400,0.25,14.073,0.000
3400,0.30,13.973,0.000
3400,0.35,13.873,0.000
3400,0.40,13.773,0.000
3400,0.45,13.673,0.000
3400,0.50,13.573,0.000
3400,0.55,13.473,0.000
3400,0.60,13.373,0.000
3400,0.65,13.273,0.000
3400,0.70,13.173,0.000
3400,0.75,13.073,0.000
3400,0.80,12.973,0.000
3400,0.85,12.873,0.000
3400,0.90,12.773,0.000
3400,0.95,12.673,0.000
3400,1.00,12.573,0.000
3600,0.00,14.565,0.000
3600,0.05,14.565,0.000
3600,0.10,14.432,0.000
3600,0.15,14.298,0.000
3600,0.20,14.165,0.000
3600,0.25,14.065,0.000
3600,0.30,13.965,0.000
3600,0.35,13.865,0.000
3600,0.40,13.765,0.000
3600,0.45,13.665,0.000
3600,0.50,13.565,0.000
3600,0.55,13.465,0.000
3600,0.60,13.365,0.000
3600,0.65,13.265,0.000
3600,0.70,13.165,0.000
3600,0.75,13.065,0.000
3600,0.80,12.965,0.000
3600,0.85,12.865,0.000
3600,0.90,12.765,0.000
3600,0.95,12.665,0.000
3600,1.00,12.565,0.000
3800,0.00,14.558,0.000
3800,0.05,14.558,0.000
3800,0.10,14.425,0.000
3800,0.15,14.291,0.000
3800,0.20,14.158,0.000
3800,0.25,14.058,0.000
3800,0.30,13.958,0.000
3800,0.35,13.858,0.000
3800,0.40,13.758,0.000
3800,0.45,13.658,0.000
3800,0.50,13.558,0.000
3800,0.55,13.458,0.000
3800,0.60,13.358,0.000
3800,0.65,13.258,0.000
3800,0.70,13.158,0.000
3800,0.75,13.058,0.000
3800,0.80,12.958,0.000
3800,0.85,12.858,0.000
3800,0.90,12.758,0.000
3800,0.95,12.658,0.000
3800,1.00,12.558,0.000
4000,0.00,14.550,0.000
4000,0.05,14.550,0.000
4000,0.10,14.417,0.000
4000,0.15,14.283,0.000
4000,0.20,14.150,0.000
4000,0.25,14.050,0.000
4000,0.30,13.950,0.000
4000,0.35,13.850,0.000
4000,0.40,13.750,0.000
4000,0.45,13.650,0.000
4000,0.50,13.550,0.000
4000,0.55,13.450,0.000
4000,0.60,13.350,0.000
4000,0.65,13.250,0.000
4000,0.70,13.150,0.000
4000,0.75,13.050,0.000
4000,0.80,12.950,0.000
4000,0.85,12.850,0.000
4000,0.90,12.750,0.000
4000,0.95,12.650,0.000
4000,1.00,12.550,0.000
4200,0.00,14.543,0.000
4200,0.05,14.543,0.000
4200,0.10,14.410,0.000
4200,0.15,14.276,0.000
4200,0.20,14.143,0.000
4200,0.25,14.043,0.000
4200,0.30,13.943,0.000
4200,0.35,13.843,0.000
4200,0.40,13.743,0.000
4200,0.45,13.643,0.000
4200,0.50,13.543,0.000
4200,0.55,13.443,0.000
4200,0.60,13.343,0.000
4200,0.65,13.243,0.000
4200,0.70,13.143,0.000
4200,0.75,13.043,0.000
4200,0.80,12.943,0.000
4200,0.85,12.843,0.000
4200,0.90,12.743,0.000
4200,0.95,12.643,0.000
4200,1.00,12.543,0.000
4400,0.00,14.535,0.000
4400,0.05,14.535,0.000
4400,0.10,14.402,0.000
4400,0.15,14.268,0.000
4400,0.20,14.135,0.000
4400,0.25,14.035,0.000
4400,0.30,13.935,0.000
4400,0.35,13.835,0.000
4400,0.40,13.735,0.000
4400,0.45,13.635,0.000
4400,0.50,13.535,0.000
4400,0.55,13.435,0.000
4400,0.60,13.335,0.000
4400,0.65,13.235,0.000
4400,0.70,13.135,0.000
4400,0.75,13.035,0.000
4400,0.80,12.935,0.000
4400,0.85,12.835,0.000
4400,0.90,12.735,0.000
4400,0.95,12.635,0.000
4400,1.00,12.535,0.000
4600,0.00,14.528,0.000
4600,0.05,14.528,0.000
4600,0.10,14.395,0.000
4600,0.15,14.261,0.000
4600,0.20,14.128,0.000
4600,0.25,14.028,0.000
4600,0.30,13.928,0.000
4600,0.35,13.828,0.000
4600,0.40,13.728,0.000
4600,0.45,13.628,0.000
4600,0.50,13.528,0.000
4600,0.55,13.428,0.000
4600,0.60,13.328,0.000
4600,0.65,13.228,0.000
4600,0.70,13.128,0.000
4600,0.75,13.028,0.000
4600,0.80,12.928,0.000
4600,0.85,12.828,0.000
4600,0.90,12.728,0.000
4600,0.95,12.628,0.000
4600,1.00,12.528,0.000
4800,0.00,14.520,0.000
4800,0.05,14.520,0.000
4800,0.10,14.387,0.000
4800,0.15,14.253,0.000
4800,0.20,14.120,0.000
4800,0.25,14.020,0.000
4800,0.30,13.920,0.000
4800,0.35,13.820,0.000
4800,0.40,13.720,0.000
4800,0.45,13.620,0.000
4800,0.50,13.520,0.000
4800,0.55,13.420,0.000
4800,0.60,13.320,0.000
4800,0.65,13.220,0.000
4800,0.70,13.120,0.000
4800,0.75,13.020,0.000
4800,0.80,12.920,0.000
4800,0.85,12.820,0.000
4800,0.90,12.720,0.000
4800,0.95,12.620,0.000
4800,1.00,12.520,0.000
5000,0.00,14.513,0.000
5000,0.05,14.513,0.000
5000,0.10,14.380,0.000
5000,0.15,14.246,0.000
5000,0.20,14.113,0.000
5000,0.25,14.013,0.000
5000,0.30,13.913,0.000
5000,0.35,13.813,0.000
5000,0.40,13.713,0.000
5000,0.45,13.613,0.000
5000,0.50,13.513,0.000
5000,0.55,13.413,0.000
5000,0.60,13.313,0.000
5000,0.65,13.213,0.000
5000,0.70,13.113,0.000
5000,0.75,13.013,0.000
5000,0.80,12.913,0.000
5000,0.85,12.813,0.000
5000,0.90,12.713,0.000
5000,0.95,12.613,0.000
5000,1.00,12.513,0.000
5200,0.00,14.505,0.000
5200,0.05,14.505,0.000
5200,0.10,14.372,0.000
5200,0.15,14.238,0.000
5200,0.20,14.105,0.000
5200,0.25,14.005,0.000
5200,0.30,13.905,0.000
5200,0.35,13.805,0.000
5200,0.40,13.705,0.000
5200,0.45,13.605,0.000
5200,0.50,13.505,0.000
5200,0.55,13.405,0.000
5200,0.60,13.305,0.000
5200,0.65,13.205,0.000
5200,0.70,13.105,0.000
5200,0.75,13.005,0.000
5200,0.80,12.905,0.000
5200,0.85,12.805,0.000
5200,0.90,12.705,0.000
5200,0.95,12.605,0.000
5200,1.00,12.505,0.000
5400,0.00,14.498,0.000
5400,0.05,14.498,0.000
5400,0.10,14.365,0.000
5400,0.15,14.231,0.000
5400,0.20,14.098,0.000
5400,0.25,13.998,0.000
5400,0.30,13.898,0.000
5400,0.35,13.798,0.000
5400,0.40,13.698,0.000
5400,0.45,13.598,0.000
5400,0.50,13.498,0.000
5400,0.55,13.398,0.000
5400,0.60,13.298,0.000
5400,0.65,13.198,0.000
5400,0.70,13.098,0.000
5400,0.75,12.998,0.000
5400,0.80,12.898,0.000
5400,0.85,12.798,0.000
5400,0.90,12.698,0.000
5400,0.95,12.598,0.000
5400,1.00,12.498,0.000
5600,0.00,14.490,0.000
5600,0.05,14.490,0.000
5600,0.10,14.357,0.000
5600,0.15,14.223,0.000
5600,0.20,14.090,0.000
5600,0.25,13.990,0.000
5600,0.30,13.890,0.000
5600,0.35,13.790,0.000
5600,0.40,13.690,0.000
5600,0.45,13.590,0.000
5600,0.50,13.490,0.000
5600,0.55,13.390,0.000
5600,0.60,13.290,0.000
5600,0.65,13.190,0.000
5600,0.70,13.090,0.000
5600,0.75,12.990,0.000
5600,0.80,12.890,0.000
5600,0.85,12.790,0.000
5600,0.90,12.690,0.000
5600,0.95,12.590,0.000
5600,1.00,12.490,0.000
5800,0.00,14.483,0.000
5800,0.05,14.483,0.000
5800,0.10,14.350,0.000
5800,0.15,14.216,0.000
5800,0.20,14.083,0.000
5800,0.25,13.983,0.000
5800,0.30,13.883,0.000
5800,0.35,13.783,0.000
5800,0.40,13.683,0.000
5800,0.45,13.583,0.000
5800,0.50,13.483,0.000
5800,0.55,13.383,0.000
5800,0.60,13.283,0.000
5800,0.65,13.183,0.000
5800,0.70,13.083,0.000
5800,0.75,12.983,0.000
5800,0.80,12.883,0.000
5800,0.85,12.783,0.000
5800,0.90,12.683,0.000
5800,0.95,12.583,0.000
5800,1.00,12.483,0.000
6000,0.00,14.475,0.000
6000,0.05,14.475,0.000
6000,0.10,14.342,0.000
6000,0.15,14.208,0.000
6000,0.20,14.075,0.000
6000,0.25,13.975,0.000
6000,0.30,13.875,0.000
6000,0.35,13.775,0.000
6000,0.40,13.675,0.000
6000,0.45,13.575,0.000
6000,0.50,13.475,0.000
6000,0.55,13.375,0.000
6000,0.60,13.275,0.000
6000,0.65,13.175,0.000
6000,0.70,13.075,0.000
6000,0.75,12.975,0.000
6000,0.80,12.875,0.000
6000,0.85,12.775,0.000
6000,0.90,12.675,0.000
6000,0.95,12.575,0.000
6000,1.00,12.475,0.000
6200,0.00,14.468,0.000
6200,0.05,14.468,0.000
6200,0.10,14.335,0.000
6200,0.15,14.201,0.000
6200,0.20,14.068,0.000
6200,0.25,13.968,0.000
6200,0.30,13.868,0.000
6200,0.35,13.768,0.000
6200,0.40,13.668,0.000
6200,0.45,13.568,0.000
6200,0.50,13.468,0.000
6200,0.55,13.368,0.000
6200,0.60,13.268,0.000
6200,0.65,13.168,0.000
6200,0.70,13.068,0.000
6200,0.75,12.968,0.000
6200,0.80,12.868,0.000
6200,0.85,12.768,0.000
6200,0.90,12.668,0.000
6200,0.95,12.568,0.000
6200,1.00,12.468,0.000
6400,0.00,14.460,0.000
6400,0.05,14.460,0.000
6400,0.10,14.327,0.000
6400,0.15,14.193,0.000
6400,0.20,14.060,0.000
6400,0.25,13.960,0.000
6400,0.30,13.860,0.000
6400,0.35,13.760,0.000
6400,0.40,13.660,0.000
6400,0.45,13.560,0.000
6400,0.50,13.460,0.000
6400,0.55,13.360,0.000
6400,0.60,13.260,0.000
6400,0.65,13.160,0.000
6400,0.70,13.060,0.000
6400,0.75,12.960,0.000
6400,0.80,12.860,0.000
6400,0.85,12.760,0.000
6400,0.90,12.660,0.000
6400,0.95,12.560,0.000
6400,1.00,12.460,0.000
6600,0.00,14.453,0.000
6600,0.05,14.453,0.000
6600,0.10,14.320,0.000
6600,0.15,14.186,0.000
6600,0.20,14.053,0.000
6600,0.25,13.953,0.000
6600,0.30,13.853,0.000
6600,0.35,13.753,0.000
6600,0.40,13.653,0.000
6600,0.45,13.553,0.000
6600,0.50,13.453,0.000
6600,0.55,13.353,0.000
6600,0.60,13.253,0.000
6600,0.65,13.153,0.000
6600,0.70,13.053,0.000
6600,0.75,12.953,0.000
6600,0.80,12.853,0.000
6600,0.85,12.753,0.000
6600,0.90,12.653,0.000
6600,0.95,12.553,0.000
6600,1.00,12.453,0.000
6800,0.00,14.445,0.000
6800,0.05,14.445,0.000
6800,0.10,14.312,0.000
6800,0.15,14.178,0.000
6800,0.20,14.045,0.000
6800,0.25,13.945,0.000
6800,0.30,13.845,0.000
6800,0.35,13.745,0.000
6800,0.40,13.645,0.000
6800,0.45,13.545,0.000
6800,0.50,13.445,0.000
6800,0.55,13.345,0.000
6800,0.60,13.245,0.000
6800,0.65,13.145,0.000
6800,0.70,13.045,0.000
6800,0.75,12.945,0.000
6800,0.80,12.845,0.000
6800,0.85,12.745,0.000
6800,0.90,12.645,0.000
6800,0.95,12.545,0.000
6800,1.00,12.445,0.000
7000,0.00,14.438,0.000
7000,0.05,14.438,0.000
7000,0.10,14.305,0.000
7000,0.15,14.171,0.000
7000,0.20,14.038,0.000
7000,0.25,13.938,0.000
7000,0.30,13.838,0.000
7000,0.35,13.738,0.000
7000,0.40,13.638,0.000
7000,0.45,13.538,0.000
7000,0.50,13.438,0.000
7000,0.55,13.338,0.000
7000,0.60,13.238,0.000
7000,0.65,13.138,0.000
7000,0.70,13.038,0.000
7000,0.75,12.938,0.000
7000,0.80,12.838,0.000
7000,0.85,12.738,0.000
7000,0.90,12.638,0.000
7000,0.95,12.538,0.000
7000,1.00,12.438,0.000
7200,0.00,14.430,0.000
7200,0.05,14.430,0.000
7200,0.10,14.297,0.000
7200,0.15,14.163,0.000
7200,0.20,14.030,0.000
7200,0.25,13.930,0.000
7200,0.30,13.830,0.000
7200,0.35,13.730,0.000
7200,0.40,13.630,0.000
7200,0.45,13.530,0.000
7200,0.50,13.430,0.000
7200,0.55,13.330,0.000
7200,0.60,13.230,0.000
7200,0.65,13.130,0.000
7200,0.70,13.030,0.000
7200,0.75,12.930,0.000
7200,0.80,12.830,0.000
7200,0.85,12.730,0.000
7200,0.90,12.630,0.000
7200,0.95,12.530,0.000
7200,1.00,12.430,0.000
7400,0.00,14.423,0.000
7400,0.05,14.423,0.000
7400,0.10,14.290,0.000
7400,0.15,14.156,0.000
7400,0.20,14.023,0.000
7400,0.25,13.923,0.000
7400,0.30,13.823,0.000
7400,0.35,13.723,0.000
7400,0.40,13.623,0.000
7400,0.45,13.523,0.000
7400,0.50,13.423,0.000
7400,0.55,13.323,0.000
7400,0.60,13.223,0.000
7400,0.65,13.123,0.000
7400,0.70,13.023,0.000
7400,0.75,12.923,0.000
7400,0.80,12.823,0.000
7400,0.85,12.723,0.000
7400,0.90,12.623,0.000
7400,0.95,12.523,0.000
7400,1.00,12.423,0.000
7600,0.00,14.415,0.000
7600,0.05,14.415,0.000
7600,0.10,14.282,0.000
7600,0.15,14.148,0.000
7600,0.20,14.015,0.000
7600,0.25,13.915,0.000
7600,0.30,13.815,0.000
7600,0.35,13.715,0.000
7600,0.40,13.615,0.000
7600,0.45,13.515,0.000
7600,0.50,13.415,0.000
7600,0.55,13.315,0.000
7600,0.60,13.215,0.000
7600,0.65,13.115,0.000
7600,0.70,13.015,0.000
7600,0.75,12.915,0.000
7600,0.80,12.815,0.000
7600,0.85,12.715,0.000
7600,0.90,12.615,0.000
7600,0.95,12.515,0.000
7600,1.00,12.415,0.000
7800,0.00,14.408,0.000
7800,0.05,14.408,0.000
7800,0.10,14.275,0.000
7800,0.15,14.141,0.000
7800,0.20,14.008,0.000
7800,0.25,13.908,0.000
7800,0.30,13.808,0.000
7800,0.35,13.708,0.000
7800,0.40,13.608,0.000
7800,0.45,13.508,0.000
7800,0.50,13.408,0.000
7800,0.55,13.308,0.000
7800,0.60,13.208,0.000
7800,0.65,13.108,0.000
7800,0.70,13.008,0.000
7800,0.75,12.908,0.000
7800,0.80,12.808,0.000
7800,0.85,12.708,0.000
7800,0.90,12.608,0.000
7800,0.95,12.508,0.000
7800,1.00,12.408,0.000
8000,0.00,14.400,0.000
8000,0.05,14.400,0.000
8000,0.10,14.267,0.000
8000,0.15,14.133,0.000
8000,0.20,14.000,0.000
8000,0.25,13.900,0.000
8000,0.30,13.800,0.000
8000,0.35,13.700,0.000
8000,0.40,13.600,0.000
8000,0.45,13.500,0.000
8000,0.50,13.400,0.000
8000,0.55,13.300,0.000
8000,0.60,13.200,0.000
8000,0.65,13.100,0.000
8000,0.70,13.000,0.000
8000,0.75,12.900,0.000
8000,0.80,12.800,0.000
8000,0.85,12.700,0.000
8000,0.90,12.600,0.000
8000,0.95,12.500,0.000
8000,1.00,12.400,0.000
